<?xml version="1.0" encoding="utf-8"?>

<!-- Copyright 2013 The Chromium Authors. All rights reserved.

     Use of this source code is governed by a BSD-style license that can be
     found in the LICENSE file.
-->

<resources xmlns:tools="http://schemas.android.com/tools">
    <style name="DropdownPopupWindow" parent="@android:style/Widget.ListPopupWindow">
        <item name="android:popupBackground">@drawable/dropdown_popup_background</item>
    </style>

    <!-- Buttons -->
    <style name="ButtonCompatOverlay">
        <item name="android:buttonStyle">@style/ButtonCompat</item>
    </style>
    <style name="ButtonCompatBorderlessOverlay">
        <item name="android:buttonStyle">@style/ButtonCompatBorderless</item>
    </style>
    <style name="ButtonCompatBase">
        <item name="android:minWidth">88dp</item>
        <item name="android:minHeight">36dp</item>
        <item name="android:textSize">14sp</item>
        <item name="android:paddingStart">20dp</item>
        <item name="android:paddingEnd">20dp</item>
        <item name="android:paddingTop">5dp</item>
        <item name="android:paddingBottom">5dp</item>
        <item name="android:textAllCaps">true</item>
        <item name="android:focusable">true</item>
        <item name="android:clickable">true</item>
        <item name="android:gravity">center_vertical|center_horizontal</item>
    </style>
    <style name="ButtonCompat" parent="ButtonCompatBase">
        <item name="android:background">@drawable/button_compat_shape</item>
        <item name="android:textStyle">bold</item>
    </style>
    <style name="ButtonCompatBorderless" parent="ButtonCompat">
        <item name="android:background">?android:attr/selectableItemBackground</item>
    </style>

    <!-- Used by Chrome and Content -->
    <style name="RobotoMediumStyle">
        <item name="android:fontFamily">sans-serif</item>
        <item name="android:textStyle">bold</item>
    </style>

    <!-- Black Text Styles -->
    <!-- TODO(huayinz): remove tools:ignore once these text styles are all used in ui/android -->
    <style name="BlackHeadline1" tools:ignore="UnusedResources">
        <item name="android:textColor">@color/black_alpha_87</item>
        <item name="android:textSize">@dimen/headline_size_large</item>
    </style>
    <style name="BlackHeadline2" parent="RobotoMediumStyle" tools:ignore="UnusedResources">
        <item name="android:textColor">@color/black_alpha_87</item>
        <item name="android:textSize">@dimen/headline_size_medium</item>
    </style>
    <style name="BlackTitle1" tools:ignore="UnusedResources">
        <item name="android:textColor">@color/black_alpha_87</item>
        <item name="android:textSize">@dimen/text_size_large</item>
    </style>
    <style name="BlackTitle2" parent="RobotoMediumStyle" tools:ignore="UnusedResources">
        <item name="android:textColor">@color/black_alpha_87</item>
        <item name="android:textSize">@dimen/text_size_medium</item>
    </style>
    <!-- TODO(xingliu): Merge BlackTitle3 to BlackTitle1. -->
    <style name="BlackTitle3" tools:ignore="UnusedResources">
        <item name="android:textColor">@color/black_title_color_list</item>
        <item name="android:textSize">@dimen/text_size_large</item>
    </style>
    <style name="BlackHint1" tools:ignore="UnusedResources">
        <item name="android:textColor">@color/black_alpha_54</item>
        <item name="android:textSize">@dimen/text_size_large</item>
    </style>
    <style name="BlackHint2" tools:ignore="UnusedResources">
        <item name="android:textColor">@color/black_alpha_54</item>
        <item name="android:textSize">@dimen/text_size_medium</item>
    </style>
    <style name="BlackDisabledText1" tools:ignore="UnusedResources">
        <item name="android:textColor">@color/black_alpha_38</item>
        <item name="android:textSize">@dimen/text_size_large</item>
    </style>
    <style name="BlackDisabledText2" tools:ignore="UnusedResources">
        <item name="android:textColor">@color/black_alpha_38</item>
        <item name="android:textSize">@dimen/text_size_small</item>
    </style>
    <style name="BlackDisabledText3" tools:ignore="UnusedResources">
        <item name="android:textColor">@color/black_alpha_38</item>
        <item name="android:textSize">@dimen/text_size_medium</item>
    </style>
    <style name="BlackBodyDefault" tools:ignore="UnusedResources">
        <item name="android:textColor">@color/black_alpha_87</item>
        <item name="android:textSize">@dimen/text_size_medium</item>
    </style>
    <style name="BlackBody" tools:ignore="UnusedResources">
        <item name="android:textColor">@color/black_alpha_54</item>
        <item name="android:textSize">@dimen/text_size_medium</item>
    </style>
    <style name="BlackCaptionDefault" tools:ignore="UnusedResources">
        <item name="android:textColor">@color/black_alpha_87</item>
        <item name="android:textSize">@dimen/text_size_small</item>
    </style>
    <style name="BlackCaption" tools:ignore="UnusedResources">
        <item name="android:textColor">@color/black_alpha_54</item>
        <item name="android:textSize">@dimen/text_size_small</item>
    </style>
    <style name="BlackButtonText" parent="RobotoMediumStyle" tools:ignore="UnusedResources">
        <item name="android:textColor">@color/black_alpha_54</item>
        <item name="android:textSize">@dimen/text_size_medium</item>
    </style>
    <style name="BlackLink" tools:ignore="UnusedResources">
        <item name="android:textColor">@color/black_alpha_54</item>
        <item name="android:textSize">@dimen/text_size_medium</item>
        <item name="android:textStyle">bold</item>
    </style>
    <style name="BlackSummary" tools:ignore="UnusedResources">
        <item name="android:textColor">@color/black_summary_color_list</item>
        <item name="android:textSize">@dimen/text_size_medium</item>
    </style>

    <!-- White Text Styles -->
    <style name="WhiteHeadline1" tools:ignore="UnusedResources">
        <item name="android:textColor">@android:color/white</item>
        <item name="android:textSize">@dimen/headline_size_large</item>
    </style>
    <style name="WhiteHeadline2" parent="RobotoMediumStyle" tools:ignore="UnusedResources">
        <item name="android:textColor">@android:color/white</item>
        <item name="android:textSize">@dimen/headline_size_medium</item>
    </style>
    <style name="WhiteBodyIncognito" tools:ignore="UnusedResources">
        <item name="android:textColor">@color/white_alpha_70</item>
        <item name="android:textSize">@dimen/text_size_medium</item>
    </style>
    <style name="WhiteBody" tools:ignore="UnusedResources">
        <item name="android:textColorHint">@android:color/white</item>
        <item name="android:textColorPrimary">@android:color/white</item>
        <item name="android:textColor">@android:color/white</item>
        <item name="android:textSize">@dimen/text_size_medium</item>
    </style>
    <style name="WhiteTitle1" tools:ignore="UnusedResources">
        <item name="android:textColor">@android:color/white</item>
        <item name="android:textSize">@dimen/text_size_large</item>
    </style>
    <style name="WhiteTitle2" parent="RobotoMediumStyle" tools:ignore="UnusedResources">
        <item name="android:textColor">@android:color/white</item>
        <item name="android:textSize">@dimen/text_size_medium</item>
    </style>
    <style name="WhiteLink" tools:ignore="UnusedResources">
        <item name="android:textColor">@android:color/white</item>
        <item name="android:textSize">@dimen/text_size_medium</item>
        <item name="android:textStyle">bold</item>
    </style>

    <!-- Blue Text Styles -->
    <style name="BlueButtonText1" parent="RobotoMediumStyle" tools:ignore="UnusedResources">
        <item name="android:textColor">@color/google_blue_300</item>
        <item name="android:textSize">@dimen/text_size_medium</item>
    </style>
    <style name="BlueButtonText2" parent="RobotoMediumStyle" tools:ignore="UnusedResources">
        <item name="android:textColor">@color/google_blue_500</item>
        <item name="android:textSize">@dimen/text_size_medium</item>
    </style>
    <style name="BlueLink1" tools:ignore="UnusedResources">
        <item name="android:textColor">@color/google_blue_700</item>
        <item name="android:textSize">@dimen/text_size_large</item>
    </style>
    <style name="BlueLink2" tools:ignore="UnusedResources">
        <item name="android:textColor">@color/google_blue_700</item>
        <item name="android:textSize">@dimen/text_size_medium</item>
    </style>
    <style name="BlueLink3" tools:ignore="UnusedResources">
        <item name="android:textColor">@color/google_blue_700</item>
        <item name="android:textSize">@dimen/text_size_small</item>
    </style>
</resources>
