<?xml version="1.0" encoding="utf-8"?>
<!-- Copyright 2013 The Chromium Authors. All rights reserved.

     Use of this source code is governed by a BSD-style license that can be
     found in the LICENSE file.
-->
<resources xmlns:tools="http://schemas.android.com/tools">
    <!-- Common colors-->
    <color name="black_alpha_38">#61000000</color>
    <color name="black_alpha_54">#8A000000</color>
    <color name="black_alpha_87">#DE000000</color>
    <color name="white_alpha_70">#B3FFFFFF</color>
    <color name="google_blue_300" tools:ignore="UnusedResources">#7BAAF7</color>
    <color name="google_blue_500" tools:ignore="UnusedResources">#4285F4</color>
    <color name="google_blue_700">#3367D6</color>

    <color name="dropdown_divider_color">#E5E5E5</color>
    <color name="dropdown_dark_divider_color">#C0C0C0</color>

    <color name="modern_grey_50" tools:ignore="UnusedResources">#F8F9FA</color>
    <color name="modern_blue_300" tools:ignore="UnusedResources">#8AB4F8</color>
    <color name="modern_grey_400" tools:ignore="UnusedResources">#BDC1C6</color>
</resources>

