<?xml version="1.0" encoding="utf-8"?>
<!-- Copyright 2013 The Chromium Authors. All rights reserved.

     Use of this source code is governed by a BSD-style license that can be
     found in the LICENSE file.
-->
<resources xmlns:tools="http://schemas.android.com/tools">
    <!-- Common text sizes -->
    <dimen name="headline_size_large" tools:ignore="UnusedResources">23sp</dimen>
    <dimen name="headline_size_medium" tools:ignore="UnusedResources">20sp</dimen>
    <dimen name="text_size_large" tools:ignore="UnusedResources">16sp</dimen>
    <dimen name="text_size_medium" tools:ignore="UnusedResources">14sp</dimen>
    <dimen name="text_size_small" tools:ignore="UnusedResources">12sp</dimen>

    <dimen name="dropdown_item_height">50dp</dimen>
    <dimen name="dropdown_item_divider_height">1px</dimen>
    <dimen name="dropdown_item_label_margin">10dp</dimen>
    <dimen name="dropdown_icon_margin">8dp</dimen>

    <!--
         Fallback values if the corresponding com.android.internal.R dimensions
         cannot be retrieved by name.
         Note: Constants taken directly from Android's core/res/values/config.xml.
    -->
    <dimen name="config_min_scaling_span">12.0mm</dimen>
</resources>
