<?xml version="1.0" encoding="utf-8"?>
<!-- Copyright (c) 2012 The Chromium Authors. All rights reserved.

     Use of this source code is governed by a BSD-style license that can be
     found in the LICENSE file.
-->

<resources>
    <!-- Link Preview dimensions -->
    <dimen name="link_preview_overlay_radius">7dp</dimen>
    <dimen name="text_edit_suggestion_item_layout_height">48dp</dimen>
    <dimen name="text_suggestion_popup_elevation">2dp</dimen>
    <dimen name="text_suggestion_popup_vertical_margin">20dp</dimen>
</resources>
