<?xml version="1.0" encoding="utf-8"?>
<!-- Copyright 2018 The Chromium Authors. All rights reserved.
     Use of this source code is governed by a BSD-style license that can be
     found in the LICENSE file.
-->

<layer-list xmlns:android="http://schemas.android.com/apk/res/android">
    <item>
        <shape android:shape="rectangle">
            <solid android:color="@color/google_grey_200" />
        </shape>
    </item>
    <item xmlns:android="http://schemas.android.com/apk/res/android"
        android:bottom="1dp">
        <shape android:shape="rectangle">
            <solid android:color="@android:color/white" />
        </shape>
    </item>
</layer-list>