<?xml version="1.0" encoding="utf-8"?>
<!-- Copyright 2015 The Chromium Authors. All rights reserved.
     Use of this source code is governed by a BSD-style license that can be
     found in the LICENSE file. -->

<layer-list xmlns:android="http://schemas.android.com/apk/res/android">
    <item>
        <shape>
            <solid android:color="#DDD"/>
        </shape>
    </item>
    <item android:top="1dp">
        <shape>
            <solid android:color="#FFF"/>
        </shape>
    </item>
</layer-list>
